employee_id,first_name,last_name,role,base_airport_id,hire_date,email
E00001,Crystal,Lee,Pilot,5,5/31/2022,clee@singaporeair.com
E00002,Cassandra,Powell,Co-Pilot,13,2/13/2014,cpowell@flyasiana.com
E00003,Cheryl,Cook,Cabin Crew,5,1/1/2020,ccook@singaporeair.com
E00004,Willie,Medina,Ground Staff,14,3/19/2019,wmedina@airasia.com
E00005,Gary,Schroeder,Operations,7,3/8/2021,gschroeder@aa.com
E00006,Jodi,Elliott,Pilot,6,10/3/2011,jelliott@united.com
E00007,Zachary,Thomas,Co-Pilot,3,2/12/2011,zthomas@peach-aviation.com
E00008,Lisa,Weeks,Cabin Crew,6,2/3/2020,lisa.weeks@aa.com
E00009,Karen,Hill,Ground Staff,12,5/6/2013,karen.hill@aa.com
E00010,Valerie,Vaughan,Operations,3,9/1/2010,vvaughan@ana.co.jp
E00011,Stephen,Gonzales,Pilot,15,3/16/2014,stephen.gonzales@lufthansa.com
E00012,Ryan,Harris,Co-Pilot,13,7/9/2024,ryan.harris@koreanair.com
E00013,Maria,Flores,Cabin Crew,15,6/27/2019,mflores@aa.com
E00014,Miranda,Jackson,Ground Staff,2,8/11/2018,miranda.jackson@thaiairways.com
E00015,Sandra,Cantu,Operations,6,9/28/2018,scantu@aa.com
E00016,George,Payne,Pilot,2,12/14/2014,gpayne@airasia.com
E00017,Gregory,David,Co-Pilot,2,8/29/2023,gdavid@airasia.com
E00018,Robert,Maxwell,Cabin Crew,3,11/27/2022,robert.maxwell@jal.com
E00019,Lisa,Gaines,Ground Staff,5,7/4/2022,lgaines@scoot.com
E00020,Michael,Cohen,Operations,10,3/26/2011,mcohen@lufthansa.com
E00021,Michael,Mann,Pilot,5,12/9/2022,mmann@scoot.com
E00022,Lori,Le,Co-Pilot,14,12/15/2021,lle@airasia.com
E00023,Kelly,Mercado,Cabin Crew,13,5/5/2017,kmercado@jejuair.net
E00024,David,Barnes,Ground Staff,6,4/16/2019,david.barnes@jetblue.com
E00025,Laura,Davila,Operations,4,5/11/2011,ldavila@ana.co.jp
E00026,William,Freeman,Pilot,1,4/21/2022,wfreeman@airasia.com
E00027,Kevin,Tate,Co-Pilot,15,12/28/2014,kevin.tate@aa.com
E00028,Jeffrey,King,Cabin Crew,11,12/11/2013,jeffrey.king@delta.com
E00029,Robert,Smith,Ground Staff,9,8/5/2019,robert.smith@lufthansa.com
E00030,Joseph,Holt,Operations,6,11/13/2022,jholt@united.com
E00031,Mary,Moon,Pilot,14,3/27/2024,mmoon@fireflyz.com.my
E00032,Brenda,Martin,Co-Pilot,12,3/30/2013,brenda.martin@aa.com
E00033,Timothy,Tran,Cabin Crew,15,2/4/2013,ttran@lufthansa.com
E00034,Taylor,Gamble,Ground Staff,11,8/9/2013,tgamble@united.com
E00035,Leslie,Velasquez,Operations,3,1/7/2014,lvelasquez@peach-aviation.com
E00036,Andrew,Bennett,Pilot,6,3/21/2013,abennett@united.com
E00037,Cheryl,Rose,Co-Pilot,15,2/11/2025,cheryl.rose@lufthansa.com
E00038,Patrick,Raymond,Cabin Crew,12,7/18/2024,praymond@alaskaair.com
E00039,Carol,Lam,Ground Staff,7,12/9/2018,carol.lam@airasia.com
E00040,Jonathan,Wright,Operations,1,12/17/2014,jwright@thaiairways.com
E00041,Crystal,Lee,Pilot,5,5/31/2022,clee@singaporeair.com
E00042,Cassandra,Powell,Co-Pilot,13,2/13/2014,cpowell@flyasiana.com
E00043,Cheryl,Cook,Cabin Crew,5,1/1/2020,ccook@singaporeair.com
E00044,Willie,Medina,Ground Staff,14,3/19/2019,wmedina@airasia.com
E00045,Gary,Schroeder,Operations,7,3/8/2021,gschroeder@aa.com
E00046,Jodi,Elliott,Pilot,6,10/3/2011,jelliott@united.com
E00047,Zachary,Thomas,Co-Pilot,3,2/12/2011,zthomas@peach-aviation.com
E00048,Lisa,Weeks,Cabin Crew,6,2/3/2020,lisa.weeks@aa.com
E00049,Karen,Hill,Ground Staff,12,5/6/2013,karen.hill@aa.com
E00050,Valerie,Vaughan,Operations,3,9/1/2010,vvaughan@ana.co.jp
E00051,Stephen,Gonzales,Pilot,15,3/16/2014,stephen.gonzales@lufthansa.com
E00052,Ryan,Harris,Co-Pilot,13,7/9/2024,ryan.harris@koreanair.com
E00053,Maria,Flores,Cabin Crew,15,6/27/2019,mflores@aa.com
E00054,Miranda,Jackson,Ground Staff,2,8/11/2018,miranda.jackson@thaiairways.com
E00055,Sandra,Cantu,Operations,6,9/28/2018,scantu@aa.com
E00056,George,Payne,Pilot,2,12/14/2014,gpayne@airasia.com
E00057,Gregory,David,Co-Pilot,2,8/29/2023,gdavid@airasia.com
E00058,Robert,Maxwell,Cabin Crew,3,11/27/2022,robert.maxwell@jal.com
E00059,Lisa,Gaines,Ground Staff,5,7/4/2022,lgaines@scoot.com
E00060,Michael,Cohen,Operations,10,3/26/2011,mcohen@lufthansa.com
E00061,Michael,Mann,Pilot,5,12/9/2022,mmann@scoot.com
E00062,Lori,Le,Co-Pilot,14,12/15/2021,lle@airasia.com
E00063,Kelly,Mercado,Cabin Crew,13,5/5/2017,kmercado@jejuair.net
E00064,David,Barnes,Ground Staff,6,4/16/2019,david.barnes@jetblue.com
E00065,Laura,Davila,Operations,4,5/11/2011,ldavila@ana.co.jp
E00066,William,Freeman,Pilot,1,4/21/2022,wfreeman@airasia.com
E00067,Kevin,Tate,Co-Pilot,15,12/28/2014,kevin.tate@aa.com
E00068,Jeffrey,King,Cabin Crew,11,12/11/2013,jeffrey.king@delta.com
E00069,Robert,Smith,Ground Staff,9,8/5/2019,robert.smith@lufthansa.com
E00070,Joseph,Holt,Operations,6,11/13/2022,jholt@united.com
E00071,Mary,Moon,Pilot,14,3/27/2024,mmoon@fireflyz.com.my
E00072,Brenda,Martin,Co-Pilot,12,3/30/2013,brenda.martin@aa.com
E00073,Timothy,Tran,Cabin Crew,15,2/4/2013,ttran@lufthansa.com
E00074,Taylor,Gamble,Ground Staff,11,8/9/2013,tgamble@united.com
E00075,Leslie,Velasquez,Operations,3,1/7/2014,lvelasquez@peach-aviation.com
E00076,Andrew,Bennett,Pilot,6,3/21/2013,abennett@united.com
E00077,Cheryl,Rose,Co-Pilot,15,2/11/2025,cheryl.rose@lufthansa.com
E00078,Patrick,Raymond,Cabin Crew,12,7/18/2024,praymond@alaskaair.com
E00079,Carol,Lam,Ground Staff,7,12/9/2018,carol.lam@airasia.com
E00080,Jonathan,Wright,Operations,1,12/17/2014,jwright@thaiairways.com
E00081,Crystal,Lee,Pilot,5,5/31/2022,clee@singaporeair.com
E00082,Cassandra,Powell,Co-Pilot,13,2/13/2014,cpowell@flyasiana.com
E00083,Cheryl,Cook,Cabin Crew,5,1/1/2020,ccook@singaporeair.com
E00084,Willie,Medina,Ground Staff,14,3/19/2019,wmedina@airasia.com
E00085,Gary,Schroeder,Operations,7,3/8/2021,gschroeder@aa.com
E00086,Jodi,Elliott,Pilot,6,10/3/2011,jelliott@united.com
E00087,Zachary,Thomas,Co-Pilot,3,2/12/2011,zthomas@peach-aviation.com
E00088,Lisa,Weeks,Cabin Crew,6,2/3/2020,lisa.weeks@aa.com
E00089,Karen,Hill,Ground Staff,12,5/6/2013,karen.hill@aa.com
E00090,Valerie,Vaughan,Operations,3,9/1/2010,vvaughan@ana.co.jp
E00091,Stephen,Gonzales,Pilot,15,3/16/2014,stephen.gonzales@lufthansa.com
E00092,Ryan,Harris,Co-Pilot,13,7/9/2024,ryan.harris@koreanair.com
E00093,Maria,Flores,Cabin Crew,15,6/27/2019,mflores@aa.com
E00094,Miranda,Jackson,Ground Staff,2,8/11/2018,miranda.jackson@thaiairways.com
E00095,Sandra,Cantu,Operations,6,9/28/2018,scantu@aa.com
E00096,George,Payne,Pilot,2,12/14/2014,gpayne@airasia.com
E00097,Gregory,David,Co-Pilot,2,8/29/2023,gdavid@airasia.com
E00098,Robert,Maxwell,Cabin Crew,3,11/27/2022,robert.maxwell@jal.com
E00099,Lisa,Gaines,Ground Staff,5,7/4/2022,lgaines@scoot.com
E00100,Michael,Cohen,Operations,10,3/26/2011,mcohen@lufthansa.com
E00101,Michael,Mann,Pilot,5,12/9/2022,mmann@scoot.com
E00102,Lori,Le,Co-Pilot,14,12/15/2021,lle@airasia.com
E00103,Kelly,Mercado,Cabin Crew,13,5/5/2017,kmercado@jejuair.net
E00104,David,Barnes,Ground Staff,6,4/16/2019,david.barnes@jetblue.com
E00105,Laura,Davila,Operations,4,5/11/2011,ldavila@ana.co.jp
E00106,William,Freeman,Pilot,1,4/21/2022,wfreeman@airasia.com
E00107,Kevin,Tate,Co-Pilot,15,12/28/2014,kevin.tate@aa.com
E00108,Jeffrey,King,Cabin Crew,11,12/11/2013,jeffrey.king@delta.com
E00109,Robert,Smith,Ground Staff,9,8/5/2019,robert.smith@lufthansa.com
E00110,Joseph,Holt,Operations,6,11/13/2022,jholt@united.com
E00111,Mary,Moon,Pilot,14,3/27/2024,mmoon@fireflyz.com.my
E00112,Brenda,Martin,Co-Pilot,12,3/30/2013,brenda.martin@aa.com
E00113,Timothy,Tran,Cabin Crew,15,2/4/2013,ttran@lufthansa.com
E00114,Taylor,Gamble,Ground Staff,11,8/9/2013,tgamble@united.com
E00115,Leslie,Velasquez,Operations,3,1/7/2014,lvelasquez@peach-aviation.com
E00116,Andrew,Bennett,Pilot,6,3/21/2013,abennett@united.com
E00117,Cheryl,Rose,Co-Pilot,15,2/11/2025,cheryl.rose@lufthansa.com
E00118,Patrick,Raymond,Cabin Crew,12,7/18/2024,praymond@alaskaair.com
E00119,Carol,Lam,Ground Staff,7,12/9/2018,carol.lam@airasia.com
E00120,Jonathan,Wright,Operations,1,12/17/2014,jwright@thaiairways.com
E00121,Crystal,Lee,Pilot,5,5/31/2022,clee@singaporeair.com
E00122,Cassandra,Powell,Co-Pilot,13,2/13/2014,cpowell@flyasiana.com
E00123,Cheryl,Cook,Cabin Crew,5,1/1/2020,ccook@singaporeair.com
E00124,Willie,Medina,Ground Staff,14,3/19/2019,wmedina@airasia.com
E00125,Gary,Schroeder,Operations,7,3/8/2021,gschroeder@aa.com
E00126,Jodi,Elliott,Pilot,6,10/3/2011,jelliott@united.com
E00127,Zachary,Thomas,Co-Pilot,3,2/12/2011,zthomas@peach-aviation.com
E00128,Lisa,Weeks,Cabin Crew,6,2/3/2020,lisa.weeks@aa.com
E00129,Karen,Hill,Ground Staff,12,5/6/2013,karen.hill@aa.com
E00130,Valerie,Vaughan,Operations,3,9/1/2010,vvaughan@ana.co.jp
E00131,Stephen,Gonzales,Pilot,15,3/16/2014,stephen.gonzales@lufthansa.com
E00132,Ryan,Harris,Co-Pilot,13,7/9/2024,ryan.harris@koreanair.com
E00133,Maria,Flores,Cabin Crew,15,6/27/2019,mflores@aa.com
E00134,Miranda,Jackson,Ground Staff,2,8/11/2018,miranda.jackson@thaiairways.com
E00135,Sandra,Cantu,Operations,6,9/28/2018,scantu@aa.com
E00136,George,Payne,Pilot,2,12/14/2014,gpayne@airasia.com
E00137,Gregory,David,Co-Pilot,2,8/29/2023,gdavid@airasia.com
E00138,Robert,Maxwell,Cabin Crew,3,11/27/2022,robert.maxwell@jal.com
E00139,Lisa,Gaines,Ground Staff,5,7/4/2022,lgaines@scoot.com
E00140,Michael,Cohen,Operations,10,3/26/2011,mcohen@lufthansa.com
E00141,Michael,Mann,Pilot,5,12/9/2022,mmann@scoot.com
E00142,Lori,Le,Co-Pilot,14,12/15/2021,lle@airasia.com
E00143,Kelly,Mercado,Cabin Crew,13,5/5/2017,kmercado@jejuair.net
E00144,David,Barnes,Ground Staff,6,4/16/2019,david.barnes@jetblue.com
E00145,Laura,Davila,Operations,4,5/11/2011,ldavila@ana.co.jp
E00146,William,Freeman,Pilot,1,4/21/2022,wfreeman@airasia.com
E00147,Kevin,Tate,Co-Pilot,15,12/28/2014,kevin.tate@aa.com
E00148,Jeffrey,King,Cabin Crew,11,12/11/2013,jeffrey.king@delta.com
E00149,Robert,Smith,Ground Staff,9,8/5/2019,robert.smith@lufthansa.com
E00150,Joseph,Holt,Operations,6,11/13/2022,jholt@united.com
E00151,Mary,Moon,Pilot,14,3/27/2024,mmoon@fireflyz.com.my
E00152,Brenda,Martin,Co-Pilot,12,3/30/2013,brenda.martin@aa.com
E00153,Timothy,Tran,Cabin Crew,15,2/4/2013,ttran@lufthansa.com
E00154,Taylor,Gamble,Ground Staff,11,8/9/2013,tgamble@united.com
E00155,Leslie,Velasquez,Operations,3,1/7/2014,lvelasquez@peach-aviation.com
E00156,Andrew,Bennett,Pilot,6,3/21/2013,abennett@united.com
E00157,Cheryl,Rose,Co-Pilot,15,2/11/2025,cheryl.rose@lufthansa.com
E00158,Patrick,Raymond,Cabin Crew,12,7/18/2024,praymond@alaskaair.com
E00159,Carol,Lam,Ground Staff,7,12/9/2018,carol.lam@airasia.com
E00160,Jonathan,Wright,Operations,1,12/17/2014,jwright@thaiairways.com
E00161,Crystal,Lee,Pilot,5,5/31/2022,clee@singaporeair.com
E00162,Cassandra,Powell,Co-Pilot,13,2/13/2014,cpowell@flyasiana.com
E00163,Cheryl,Cook,Cabin Crew,5,1/1/2020,ccook@singaporeair.com
E00164,Willie,Medina,Ground Staff,14,3/19/2019,wmedina@airasia.com
E00165,Gary,Schroeder,Operations,7,3/8/2021,gschroeder@aa.com
E00166,Jodi,Elliott,Pilot,6,10/3/2011,jelliott@united.com
E00167,Zachary,Thomas,Co-Pilot,3,2/12/2011,zthomas@peach-aviation.com
E00168,Lisa,Weeks,Cabin Crew,6,2/3/2020,lisa.weeks@aa.com
E00169,Karen,Hill,Ground Staff,12,5/6/2013,karen.hill@aa.com
E00170,Valerie,Vaughan,Operations,3,9/1/2010,vvaughan@ana.co.jp
E00171,Stephen,Gonzales,Pilot,15,3/16/2014,stephen.gonzales@lufthansa.com
E00172,Ryan,Harris,Co-Pilot,13,7/9/2024,ryan.harris@koreanair.com
E00173,Maria,Flores,Cabin Crew,15,6/27/2019,mflores@aa.com
E00174,Miranda,Jackson,Ground Staff,2,8/11/2018,miranda.jackson@thaiairways.com
E00175,Sandra,Cantu,Operations,6,9/28/2018,scantu@aa.com
E00176,George,Payne,Pilot,2,12/14/2014,gpayne@airasia.com
E00177,Gregory,David,Co-Pilot,2,8/29/2023,gdavid@airasia.com
E00178,Robert,Maxwell,Cabin Crew,3,11/27/2022,robert.maxwell@jal.com
E00179,Lisa,Gaines,Ground Staff,5,7/4/2022,lgaines@scoot.com
E00180,Michael,Cohen,Operations,10,3/26/2011,mcohen@lufthansa.com
E00181,Michael,Mann,Pilot,5,12/9/2022,mmann@scoot.com
E00182,Lori,Le,Co-Pilot,14,12/15/2021,lle@airasia.com
E00183,Kelly,Mercado,Cabin Crew,13,5/5/2017,kmercado@jejuair.net
E00184,David,Barnes,Ground Staff,6,4/16/2019,david.barnes@jetblue.com
E00185,Laura,Davila,Operations,4,5/11/2011,ldavila@ana.co.jp
E00186,William,Freeman,Pilot,1,4/21/2022,wfreeman@airasia.com
E00187,Kevin,Tate,Co-Pilot,15,12/28/2014,kevin.tate@aa.com
E00188,Jeffrey,King,Cabin Crew,11,12/11/2013,jeffrey.king@delta.com
E00189,Robert,Smith,Ground Staff,9,8/5/2019,robert.smith@lufthansa.com
E00190,Joseph,Holt,Operations,6,11/13/2022,jholt@united.com
E00191,Mary,Moon,Pilot,14,3/27/2024,mmoon@fireflyz.com.my
E00192,Brenda,Martin,Co-Pilot,12,3/30/2013,brenda.martin@aa.com
E00193,Timothy,Tran,Cabin Crew,15,2/4/2013,ttran@lufthansa.com
E00194,Taylor,Gamble,Ground Staff,11,8/9/2013,tgamble@united.com
E00195,Leslie,Velasquez,Operations,3,1/7/2014,lvelasquez@peach-aviation.com
E00196,Andrew,Bennett,Pilot,6,3/21/2013,abennett@united.com
E00197,Cheryl,Rose,Co-Pilot,15,2/11/2025,cheryl.rose@lufthansa.com
E00198,Patrick,Raymond,Cabin Crew,12,7/18/2024,praymond@alaskaair.com
E00199,Carol,Lam,Ground Staff,7,12/9/2018,carol.lam@airasia.com
E00200,Jonathan,Wright,Operations,1,12/17/2014,jwright@thaiairways.com
E00201,Crystal,Lee,Pilot,5,5/31/2022,clee@singaporeair.com
E00202,Cassandra,Powell,Co-Pilot,13,2/13/2014,cpowell@flyasiana.com
E00203,Cheryl,Cook,Cabin Crew,5,1/1/2020,ccook@singaporeair.com
E00204,Willie,Medina,Ground Staff,14,3/19/2019,wmedina@airasia.com
E00205,Gary,Schroeder,Operations,7,3/8/2021,gschroeder@aa.com
E00206,Jodi,Elliott,Pilot,6,10/3/2011,jelliott@united.com
E00207,Zachary,Thomas,Co-Pilot,3,2/12/2011,zthomas@peach-aviation.com
E00208,Lisa,Weeks,Cabin Crew,6,2/3/2020,lisa.weeks@aa.com
E00209,Karen,Hill,Ground Staff,12,5/6/2013,karen.hill@aa.com
E00210,Valerie,Vaughan,Operations,3,9/1/2010,vvaughan@ana.co.jp
E00211,Stephen,Gonzales,Pilot,15,3/16/2014,stephen.gonzales@lufthansa.com
E00212,Ryan,Harris,Co-Pilot,13,7/9/2024,ryan.harris@koreanair.com
E00213,Maria,Flores,Cabin Crew,15,6/27/2019,mflores@aa.com
E00214,Miranda,Jackson,Ground Staff,2,8/11/2018,miranda.jackson@thaiairways.com
E00215,Sandra,Cantu,Operations,6,9/28/2018,scantu@aa.com
E00216,George,Payne,Pilot,2,12/14/2014,gpayne@airasia.com
E00217,Gregory,David,Co-Pilot,2,8/29/2023,gdavid@airasia.com
E00218,Robert,Maxwell,Cabin Crew,3,11/27/2022,robert.maxwell@jal.com
E00219,Lisa,Gaines,Ground Staff,5,7/4/2022,lgaines@scoot.com
E00220,Michael,Cohen,Operations,10,3/26/2011,mcohen@lufthansa.com
E00221,Michael,Mann,Pilot,5,12/9/2022,mmann@scoot.com
E00222,Lori,Le,Co-Pilot,14,12/15/2021,lle@airasia.com
E00223,Kelly,Mercado,Cabin Crew,13,5/5/2017,kmercado@jejuair.net
E00224,David,Barnes,Ground Staff,6,4/16/2019,david.barnes@jetblue.com
E00225,Laura,Davila,Operations,4,5/11/2011,ldavila@ana.co.jp
E00226,William,Freeman,Pilot,1,4/21/2022,wfreeman@airasia.com
E00227,Kevin,Tate,Co-Pilot,15,12/28/2014,kevin.tate@aa.com
E00228,Jeffrey,King,Cabin Crew,11,12/11/2013,jeffrey.king@delta.com
E00229,Robert,Smith,Ground Staff,9,8/5/2019,robert.smith@lufthansa.com
E00230,Joseph,Holt,Operations,6,11/13/2022,jholt@united.com
E00231,Mary,Moon,Pilot,14,3/27/2024,mmoon@fireflyz.com.my
E00232,Brenda,Martin,Co-Pilot,12,3/30/2013,brenda.martin@aa.com
E00233,Timothy,Tran,Cabin Crew,15,2/4/2013,ttran@lufthansa.com
E00234,Taylor,Gamble,Ground Staff,11,8/9/2013,tgamble@united.com
E00235,Leslie,Velasquez,Operations,3,1/7/2014,lvelasquez@peach-aviation.com
E00236,Andrew,Bennett,Pilot,6,3/21/2013,abennett@united.com
E00237,Cheryl,Rose,Co-Pilot,15,2/11/2025,cheryl.rose@lufthansa.com
E00238,Patrick,Raymond,Cabin Crew,12,7/18/2024,praymond@alaskaair.com
E00239,Carol,Lam,Ground Staff,7,12/9/2018,carol.lam@airasia.com
E00240,Jonathan,Wright,Operations,1,12/17/2014,jwright@thaiairways.com
E00241,Crystal,Lee,Pilot,5,5/31/2022,clee@singaporeair.com
E00242,Cassandra,Powell,Co-Pilot,13,2/13/2014,cpowell@flyasiana.com
E00243,Cheryl,Cook,Cabin Crew,5,1/1/2020,ccook@singaporeair.com
E00244,Willie,Medina,Ground Staff,14,3/19/2019,wmedina@airasia.com
E00245,Gary,Schroeder,Operations,7,3/8/2021,gschroeder@aa.com
E00246,Jodi,Elliott,Pilot,6,10/3/2011,jelliott@united.com
E00247,Zachary,Thomas,Co-Pilot,3,2/12/2011,zthomas@peach-aviation.com
E00248,Lisa,Weeks,Cabin Crew,6,2/3/2020,lisa.weeks@aa.com
E00249,Karen,Hill,Ground Staff,12,5/6/2013,karen.hill@aa.com
E00250,Valerie,Vaughan,Operations,3,9/1/2010,vvaughan@ana.co.jp
E00251,Stephen,Gonzales,Pilot,15,3/16/2014,stephen.gonzales@lufthansa.com
E00252,Ryan,Harris,Co-Pilot,13,7/9/2024,ryan.harris@koreanair.com
E00253,Maria,Flores,Cabin Crew,15,6/27/2019,mflores@aa.com
E00254,Miranda,Jackson,Ground Staff,2,8/11/2018,miranda.jackson@thaiairways.com
E00255,Sandra,Cantu,Operations,6,9/28/2018,scantu@aa.com
E00256,George,Payne,Pilot,2,12/14/2014,gpayne@airasia.com
E00257,Gregory,David,Co-Pilot,2,8/29/2023,gdavid@airasia.com
E00258,Robert,Maxwell,Cabin Crew,3,11/27/2022,robert.maxwell@jal.com
E00259,Lisa,Gaines,Ground Staff,5,7/4/2022,lgaines@scoot.com
E00260,Michael,Cohen,Operations,10,3/26/2011,mcohen@lufthansa.com
E00261,Michael,Mann,Pilot,5,12/9/2022,mmann@scoot.com
E00262,Lori,Le,Co-Pilot,14,12/15/2021,lle@airasia.com
E00263,Kelly,Mercado,Cabin Crew,13,5/5/2017,kmercado@jejuair.net
E00264,David,Barnes,Ground Staff,6,4/16/2019,david.barnes@jetblue.com
E00265,Laura,Davila,Operations,4,5/11/2011,ldavila@ana.co.jp
E00266,William,Freeman,Pilot,1,4/21/2022,wfreeman@airasia.com
E00267,Kevin,Tate,Co-Pilot,15,12/28/2014,kevin.tate@aa.com
E00268,Jeffrey,King,Cabin Crew,11,12/11/2013,jeffrey.king@delta.com
E00269,Robert,Smith,Ground Staff,9,8/5/2019,robert.smith@lufthansa.com
E00270,Joseph,Holt,Operations,6,11/13/2022,jholt@united.com
E00271,Mary,Moon,Pilot,14,3/27/2024,mmoon@fireflyz.com.my
E00272,Brenda,Martin,Co-Pilot,12,3/30/2013,brenda.martin@aa.com
E00273,Timothy,Tran,Cabin Crew,15,2/4/2013,ttran@lufthansa.com
E00274,Taylor,Gamble,Ground Staff,11,8/9/2013,tgamble@united.com
E00275,Leslie,Velasquez,Operations,3,1/7/2014,lvelasquez@peach-aviation.com
E00276,Andrew,Bennett,Pilot,6,3/21/2013,abennett@united.com
E00277,Cheryl,Rose,Co-Pilot,15,2/11/2025,cheryl.rose@lufthansa.com
E00278,Patrick,Raymond,Cabin Crew,12,7/18/2024,praymond@alaskaair.com
E00279,Carol,Lam,Ground Staff,7,12/9/2018,carol.lam@airasia.com
E00280,Jonathan,Wright,Operations,1,12/17/2014,jwright@thaiairways.com
E00281,Crystal,Lee,Pilot,5,5/31/2022,clee@singaporeair.com
E00282,Cassandra,Powell,Co-Pilot,13,2/13/2014,cpowell@flyasiana.com
E00283,Cheryl,Cook,Cabin Crew,5,1/1/2020,ccook@singaporeair.com
E00284,Willie,Medina,Ground Staff,14,3/19/2019,wmedina@airasia.com
E00285,Gary,Schroeder,Operations,7,3/8/2021,gschroeder@aa.com
E00286,Jodi,Elliott,Pilot,6,10/3/2011,jelliott@united.com
E00287,Zachary,Thomas,Co-Pilot,3,2/12/2011,zthomas@peach-aviation.com
E00288,Lisa,Weeks,Cabin Crew,6,2/3/2020,lisa.weeks@aa.com
E00289,Karen,Hill,Ground Staff,12,5/6/2013,karen.hill@aa.com
E00290,Valerie,Vaughan,Operations,3,9/1/2010,vvaughan@ana.co.jp
E00291,Stephen,Gonzales,Pilot,15,3/16/2014,stephen.gonzales@lufthansa.com
E00292,Ryan,Harris,Co-Pilot,13,7/9/2024,ryan.harris@koreanair.com
E00293,Maria,Flores,Cabin Crew,15,6/27/2019,mflores@aa.com
E00294,Miranda,Jackson,Ground Staff,2,8/11/2018,miranda.jackson@thaiairways.com
E00295,Sandra,Cantu,Operations,6,9/28/2018,scantu@aa.com
E00296,George,Payne,Pilot,2,12/14/2014,gpayne@airasia.com
E00297,Gregory,David,Co-Pilot,2,8/29/2023,gdavid@airasia.com
E00298,Robert,Maxwell,Cabin Crew,3,11/27/2022,robert.maxwell@jal.com
E00299,Lisa,Gaines,Ground Staff,5,7/4/2022,lgaines@scoot.com
E00300,Michael,Cohen,Operations,10,3/26/2011,mcohen@lufthansa.com
E00301,Michael,Mann,Pilot,5,12/9/2022,mmann@scoot.com
E00302,Lori,Le,Co-Pilot,14,12/15/2021,lle@airasia.com
E00303,Kelly,Mercado,Cabin Crew,13,5/5/2017,kmercado@jejuair.net
E00304,David,Barnes,Ground Staff,6,4/16/2019,david.barnes@jetblue.com
E00305,Laura,Davila,Operations,4,5/11/2011,ldavila@ana.co.jp
E00306,William,Freeman,Pilot,1,4/21/2022,wfreeman@airasia.com
E00307,Kevin,Tate,Co-Pilot,15,12/28/2014,kevin.tate@aa.com
E00308,Jeffrey,King,Cabin Crew,11,12/11/2013,jeffrey.king@delta.com
E00309,Robert,Smith,Ground Staff,9,8/5/2019,robert.smith@lufthansa.com
E00310,Joseph,Holt,Operations,6,11/13/2022,jholt@united.com
E00311,Mary,Moon,Pilot,14,3/27/2024,mmoon@fireflyz.com.my
E00312,Brenda,Martin,Co-Pilot,12,3/30/2013,brenda.martin@aa.com
E00313,Timothy,Tran,Cabin Crew,15,2/4/2013,ttran@lufthansa.com
E00314,Taylor,Gamble,Ground Staff,11,8/9/2013,tgamble@united.com
E00315,Leslie,Velasquez,Operations,3,1/7/2014,lvelasquez@peach-aviation.com
E00316,Andrew,Bennett,Pilot,6,3/21/2013,abennett@united.com
E00317,Cheryl,Rose,Co-Pilot,15,2/11/2025,cheryl.rose@lufthansa.com
E00318,Patrick,Raymond,Cabin Crew,12,7/18/2024,praymond@alaskaair.com
E00319,Carol,Lam,Ground Staff,7,12/9/2018,carol.lam@airasia.com
E00320,Jonathan,Wright,Operations,1,12/17/2014,jwright@thaiairways.com
E00321,Crystal,Lee,Pilot,5,5/31/2022,clee@singaporeair.com
E00322,Cassandra,Powell,Co-Pilot,13,2/13/2014,cpowell@flyasiana.com
E00323,Cheryl,Cook,Cabin Crew,5,1/1/2020,ccook@singaporeair.com
E00324,Willie,Medina,Ground Staff,14,3/19/2019,wmedina@airasia.com
E00325,Gary,Schroeder,Operations,7,3/8/2021,gschroeder@aa.com
E00326,Jodi,Elliott,Pilot,6,10/3/2011,jelliott@united.com
E00327,Zachary,Thomas,Co-Pilot,3,2/12/2011,zthomas@peach-aviation.com
E00328,Lisa,Weeks,Cabin Crew,6,2/3/2020,lisa.weeks@aa.com
E00329,Karen,Hill,Ground Staff,12,5/6/2013,karen.hill@aa.com
E00330,Valerie,Vaughan,Operations,3,9/1/2010,vvaughan@ana.co.jp
E00331,Stephen,Gonzales,Pilot,15,3/16/2014,stephen.gonzales@lufthansa.com
E00332,Ryan,Harris,Co-Pilot,13,7/9/2024,ryan.harris@koreanair.com
E00333,Maria,Flores,Cabin Crew,15,6/27/2019,mflores@aa.com
E00334,Miranda,Jackson,Ground Staff,2,8/11/2018,miranda.jackson@thaiairways.com
E00335,Sandra,Cantu,Operations,6,9/28/2018,scantu@aa.com
E00336,George,Payne,Pilot,2,12/14/2014,gpayne@airasia.com
E00337,Gregory,David,Co-Pilot,2,8/29/2023,gdavid@airasia.com
E00338,Robert,Maxwell,Cabin Crew,3,11/27/2022,robert.maxwell@jal.com
E00339,Lisa,Gaines,Ground Staff,5,7/4/2022,lgaines@scoot.com
E00340,Michael,Cohen,Operations,10,3/26/2011,mcohen@lufthansa.com
E00341,Michael,Mann,Pilot,5,12/9/2022,mmann@scoot.com
E00342,Lori,Le,Co-Pilot,14,12/15/2021,lle@airasia.com
E00343,Kelly,Mercado,Cabin Crew,13,5/5/2017,kmercado@jejuair.net
E00344,David,Barnes,Ground Staff,6,4/16/2019,david.barnes@jetblue.com
E00345,Laura,Davila,Operations,4,5/11/2011,ldavila@ana.co.jp
E00346,William,Freeman,Pilot,1,4/21/2022,wfreeman@airasia.com
E00347,Kevin,Tate,Co-Pilot,15,12/28/2014,kevin.tate@aa.com
E00348,Jeffrey,King,Cabin Crew,11,12/11/2013,jeffrey.king@delta.com
E00349,Robert,Smith,Ground Staff,9,8/5/2019,robert.smith@lufthansa.com
E00350,Joseph,Holt,Operations,6,11/13/2022,jholt@united.com
E00351,Mary,Moon,Pilot,14,3/27/2024,mmoon@fireflyz.com.my
E00352,Brenda,Martin,Co-Pilot,12,3/30/2013,brenda.martin@aa.com
E00353,Timothy,Tran,Cabin Crew,15,2/4/2013,ttran@lufthansa.com
E00354,Taylor,Gamble,Ground Staff,11,8/9/2013,tgamble@united.com
E00355,Leslie,Velasquez,Operations,3,1/7/2014,lvelasquez@peach-aviation.com
E00356,Andrew,Bennett,Pilot,6,3/21/2013,abennett@united.com
E00357,Cheryl,Rose,Co-Pilot,15,2/11/2025,cheryl.rose@lufthansa.com
E00358,Patrick,Raymond,Cabin Crew,12,7/18/2024,praymond@alaskaair.com
E00359,Carol,Lam,Ground Staff,7,12/9/2018,carol.lam@airasia.com
E00360,Jonathan,Wright,Operations,1,12/17/2014,jwright@thaiairways.com
E00361,Crystal,Lee,Pilot,5,5/31/2022,clee@singaporeair.com
E00362,Cassandra,Powell,Co-Pilot,13,2/13/2014,cpowell@flyasiana.com
E00363,Cheryl,Cook,Cabin Crew,5,1/1/2020,ccook@singaporeair.com
E00364,Willie,Medina,Ground Staff,14,3/19/2019,wmedina@airasia.com
E00365,Gary,Schroeder,Operations,7,3/8/2021,gschroeder@aa.com
E00366,Jodi,Elliott,Pilot,6,10/3/2011,jelliott@united.com
E00367,Zachary,Thomas,Co-Pilot,3,2/12/2011,zthomas@peach-aviation.com
E00368,Lisa,Weeks,Cabin Crew,6,2/3/2020,lisa.weeks@aa.com
E00369,Karen,Hill,Ground Staff,12,5/6/2013,karen.hill@aa.com
E00370,Valerie,Vaughan,Operations,3,9/1/2010,vvaughan@ana.co.jp
E00371,Stephen,Gonzales,Pilot,15,3/16/2014,stephen.gonzales@lufthansa.com
E00372,Ryan,Harris,Co-Pilot,13,7/9/2024,ryan.harris@koreanair.com
E00373,Maria,Flores,Cabin Crew,15,6/27/2019,mflores@aa.com
E00374,Miranda,Jackson,Ground Staff,2,8/11/2018,miranda.jackson@thaiairways.com
E00375,Sandra,Cantu,Operations,6,9/28/2018,scantu@aa.com
E00376,George,Payne,Pilot,2,12/14/2014,gpayne@airasia.com
E00377,Gregory,David,Co-Pilot,2,8/29/2023,gdavid@airasia.com
E00378,Robert,Maxwell,Cabin Crew,3,11/27/2022,robert.maxwell@jal.com
E00379,Lisa,Gaines,Ground Staff,5,7/4/2022,lgaines@scoot.com
E00380,Michael,Cohen,Operations,10,3/26/2011,mcohen@lufthansa.com
E00381,Michael,Mann,Pilot,5,12/9/2022,mmann@scoot.com
E00382,Lori,Le,Co-Pilot,14,12/15/2021,lle@airasia.com
E00383,Kelly,Mercado,Cabin Crew,13,5/5/2017,kmercado@jejuair.net
E00384,David,Barnes,Ground Staff,6,4/16/2019,david.barnes@jetblue.com
E00385,Laura,Davila,Operations,4,5/11/2011,ldavila@ana.co.jp
E00386,William,Freeman,Pilot,1,4/21/2022,wfreeman@airasia.com
E00387,Kevin,Tate,Co-Pilot,15,12/28/2014,kevin.tate@aa.com
E00388,Jeffrey,King,Cabin Crew,11,12/11/2013,jeffrey.king@delta.com
E00389,Robert,Smith,Ground Staff,9,8/5/2019,robert.smith@lufthansa.com
E00390,Joseph,Holt,Operations,6,11/13/2022,jholt@united.com
E00391,Mary,Moon,Pilot,14,3/27/2024,mmoon@fireflyz.com.my
E00392,Brenda,Martin,Co-Pilot,12,3/30/2013,brenda.martin@aa.com
E00393,Timothy,Tran,Cabin Crew,15,2/4/2013,ttran@lufthansa.com
E00394,Taylor,Gamble,Ground Staff,11,8/9/2013,tgamble@united.com
E00395,Leslie,Velasquez,Operations,3,1/7/2014,lvelasquez@peach-aviation.com
E00396,Andrew,Bennett,Pilot,6,3/21/2013,abennett@united.com
E00397,Cheryl,Rose,Co-Pilot,15,2/11/2025,cheryl.rose@lufthansa.com
E00398,Patrick,Raymond,Cabin Crew,12,7/18/2024,praymond@alaskaair.com
E00399,Carol,Lam,Ground Staff,7,12/9/2018,carol.lam@airasia.com
E00400,Jonathan,Wright,Operations,1,12/17/2014,jwright@thaiairways.com
E00401,Crystal,Lee,Pilot,5,5/31/2022,clee@singaporeair.com
E00402,Cassandra,Powell,Co-Pilot,13,2/13/2014,cpowell@flyasiana.com
E00403,Cheryl,Cook,Cabin Crew,5,1/1/2020,ccook@singaporeair.com
E00404,Willie,Medina,Ground Staff,14,3/19/2019,wmedina@airasia.com
E00405,Gary,Schroeder,Operations,7,3/8/2021,gschroeder@aa.com
E00406,Jodi,Elliott,Pilot,6,10/3/2011,jelliott@united.com
E00407,Zachary,Thomas,Co-Pilot,3,2/12/2011,zthomas@peach-aviation.com
E00408,Lisa,Weeks,Cabin Crew,6,2/3/2020,lisa.weeks@aa.com
E00409,Karen,Hill,Ground Staff,12,5/6/2013,karen.hill@aa.com
E00410,Valerie,Vaughan,Operations,3,9/1/2010,vvaughan@ana.co.jp
E00411,Stephen,Gonzales,Pilot,15,3/16/2014,stephen.gonzales@lufthansa.com
E00412,Ryan,Harris,Co-Pilot,13,7/9/2024,ryan.harris@koreanair.com
E00413,Maria,Flores,Cabin Crew,15,6/27/2019,mflores@aa.com
E00414,Miranda,Jackson,Ground Staff,2,8/11/2018,miranda.jackson@thaiairways.com
E00415,Sandra,Cantu,Operations,6,9/28/2018,scantu@aa.com
E00416,George,Payne,Pilot,2,12/14/2014,gpayne@airasia.com
E00417,Gregory,David,Co-Pilot,2,8/29/2023,gdavid@airasia.com
E00418,Robert,Maxwell,Cabin Crew,3,11/27/2022,robert.maxwell@jal.com
E00419,Lisa,Gaines,Ground Staff,5,7/4/2022,lgaines@scoot.com
E00420,Michael,Cohen,Operations,10,3/26/2011,mcohen@lufthansa.com
E00421,Michael,Mann,Pilot,5,12/9/2022,mmann@scoot.com
E00422,Lori,Le,Co-Pilot,14,12/15/2021,lle@airasia.com
E00423,Kelly,Mercado,Cabin Crew,13,5/5/2017,kmercado@jejuair.net
E00424,David,Barnes,Ground Staff,6,4/16/2019,david.barnes@jetblue.com
E00425,Laura,Davila,Operations,4,5/11/2011,ldavila@ana.co.jp
E00426,William,Freeman,Pilot,1,4/21/2022,wfreeman@airasia.com
E00427,Kevin,Tate,Co-Pilot,15,12/28/2014,kevin.tate@aa.com
E00428,Jeffrey,King,Cabin Crew,11,12/11/2013,jeffrey.king@delta.com
E00429,Robert,Smith,Ground Staff,9,8/5/2019,robert.smith@lufthansa.com
E00430,Joseph,Holt,Operations,6,11/13/2022,jholt@united.com
E00431,Mary,Moon,Pilot,14,3/27/2024,mmoon@fireflyz.com.my
E00432,Brenda,Martin,Co-Pilot,12,3/30/2013,brenda.martin@aa.com
E00433,Timothy,Tran,Cabin Crew,15,2/4/2013,ttran@lufthansa.com
E00434,Taylor,Gamble,Ground Staff,11,8/9/2013,tgamble@united.com
E00435,Leslie,Velasquez,Operations,3,1/7/2014,lvelasquez@peach-aviation.com
E00436,Andrew,Bennett,Pilot,6,3/21/2013,abennett@united.com
E00437,Cheryl,Rose,Co-Pilot,15,2/11/2025,cheryl.rose@lufthansa.com
E00438,Patrick,Raymond,Cabin Crew,12,7/18/2024,praymond@alaskaair.com
E00439,Carol,Lam,Ground Staff,7,12/9/2018,carol.lam@airasia.com
E00440,Jonathan,Wright,Operations,1,12/17/2014,jwright@thaiairways.com
E00441,Crystal,Lee,Pilot,5,5/31/2022,clee@singaporeair.com
E00442,Cassandra,Powell,Co-Pilot,13,2/13/2014,cpowell@flyasiana.com
E00443,Cheryl,Cook,Cabin Crew,5,1/1/2020,ccook@singaporeair.com
E00444,Willie,Medina,Ground Staff,14,3/19/2019,wmedina@airasia.com
E00445,Gary,Schroeder,Operations,7,3/8/2021,gschroeder@aa.com
E00446,Jodi,Elliott,Pilot,6,10/3/2011,jelliott@united.com
E00447,Zachary,Thomas,Co-Pilot,3,2/12/2011,zthomas@peach-aviation.com
E00448,Lisa,Weeks,Cabin Crew,6,2/3/2020,lisa.weeks@aa.com
E00449,Karen,Hill,Ground Staff,12,5/6/2013,karen.hill@aa.com
E00450,Valerie,Vaughan,Operations,3,9/1/2010,vvaughan@ana.co.jp
E00451,Stephen,Gonzales,Pilot,15,3/16/2014,stephen.gonzales@lufthansa.com
E00452,Ryan,Harris,Co-Pilot,13,7/9/2024,ryan.harris@koreanair.com
E00453,Maria,Flores,Cabin Crew,15,6/27/2019,mflores@aa.com
E00454,Miranda,Jackson,Ground Staff,2,8/11/2018,miranda.jackson@thaiairways.com
E00455,Sandra,Cantu,Operations,6,9/28/2018,scantu@aa.com
E00456,George,Payne,Pilot,2,12/14/2014,gpayne@airasia.com
E00457,Gregory,David,Co-Pilot,2,8/29/2023,gdavid@airasia.com
E00458,Robert,Maxwell,Cabin Crew,3,11/27/2022,robert.maxwell@jal.com
E00459,Lisa,Gaines,Ground Staff,5,7/4/2022,lgaines@scoot.com
E00460,Michael,Cohen,Operations,10,3/26/2011,mcohen@lufthansa.com
E00461,Michael,Mann,Pilot,5,12/9/2022,mmann@scoot.com
E00462,Lori,Le,Co-Pilot,14,12/15/2021,lle@airasia.com
E00463,Kelly,Mercado,Cabin Crew,13,5/5/2017,kmercado@jejuair.net
E00464,David,Barnes,Ground Staff,6,4/16/2019,david.barnes@jetblue.com
E00465,Laura,Davila,Operations,4,5/11/2011,ldavila@ana.co.jp
E00466,William,Freeman,Pilot,1,4/21/2022,wfreeman@airasia.com
E00467,Kevin,Tate,Co-Pilot,15,12/28/2014,kevin.tate@aa.com
E00468,Jeffrey,King,Cabin Crew,11,12/11/2013,jeffrey.king@delta.com
E00469,Robert,Smith,Ground Staff,9,8/5/2019,robert.smith@lufthansa.com
E00470,Joseph,Holt,Operations,6,11/13/2022,jholt@united.com
E00471,Mary,Moon,Pilot,14,3/27/2024,mmoon@fireflyz.com.my
E00472,Brenda,Martin,Co-Pilot,12,3/30/2013,brenda.martin@aa.com
E00473,Timothy,Tran,Cabin Crew,15,2/4/2013,ttran@lufthansa.com
E00474,Taylor,Gamble,Ground Staff,11,8/9/2013,tgamble@united.com
E00475,Leslie,Velasquez,Operations,3,1/7/2014,lvelasquez@peach-aviation.com
E00476,Andrew,Bennett,Pilot,6,3/21/2013,abennett@united.com
E00477,Cheryl,Rose,Co-Pilot,15,2/11/2025,cheryl.rose@lufthansa.com
E00478,Patrick,Raymond,Cabin Crew,12,7/18/2024,praymond@alaskaair.com
E00479,Carol,Lam,Ground Staff,7,12/9/2018,carol.lam@airasia.com
E00480,Jonathan,Wright,Operations,1,12/17/2014,jwright@thaiairways.com
E00481,Crystal,Lee,Pilot,5,5/31/2022,clee@singaporeair.com
E00482,Cassandra,Powell,Co-Pilot,13,2/13/2014,cpowell@flyasiana.com
E00483,Cheryl,Cook,Cabin Crew,5,1/1/2020,ccook@singaporeair.com
E00484,Willie,Medina,Ground Staff,14,3/19/2019,wmedina@airasia.com
E00485,Gary,Schroeder,Operations,7,3/8/2021,gschroeder@aa.com
E00486,Jodi,Elliott,Pilot,6,10/3/2011,jelliott@united.com
E00487,Zachary,Thomas,Co-Pilot,3,2/12/2011,zthomas@peach-aviation.com
E00488,Lisa,Weeks,Cabin Crew,6,2/3/2020,lisa.weeks@aa.com
E00489,Karen,Hill,Ground Staff,12,5/6/2013,karen.hill@aa.com
E00490,Valerie,Vaughan,Operations,3,9/1/2010,vvaughan@ana.co.jp
E00491,Stephen,Gonzales,Pilot,15,3/16/2014,stephen.gonzales@lufthansa.com
E00492,Ryan,Harris,Co-Pilot,13,7/9/2024,ryan.harris@koreanair.com
E00493,Maria,Flores,Cabin Crew,15,6/27/2019,mflores@aa.com
E00494,Miranda,Jackson,Ground Staff,2,8/11/2018,miranda.jackson@thaiairways.com
E00495,Sandra,Cantu,Operations,6,9/28/2018,scantu@aa.com
E00496,George,Payne,Pilot,2,12/14/2014,gpayne@airasia.com
E00497,Gregory,David,Co-Pilot,2,8/29/2023,gdavid@airasia.com
E00498,Robert,Maxwell,Cabin Crew,3,11/27/2022,robert.maxwell@jal.com
E00499,Lisa,Gaines,Ground Staff,5,7/4/2022,lgaines@scoot.com
E00500,Michael,Cohen,Operations,10,3/26/2011,mcohen@lufthansa.com
E00501,Michael,Mann,Pilot,5,12/9/2022,mmann@scoot.com
E00502,Lori,Le,Co-Pilot,14,12/15/2021,lle@airasia.com
E00503,Kelly,Mercado,Cabin Crew,13,5/5/2017,kmercado@jejuair.net
E00504,David,Barnes,Ground Staff,6,4/16/2019,david.barnes@jetblue.com
E00505,Laura,Davila,Operations,4,5/11/2011,ldavila@ana.co.jp
E00506,William,Freeman,Pilot,1,4/21/2022,wfreeman@airasia.com
E00507,Kevin,Tate,Co-Pilot,15,12/28/2014,kevin.tate@aa.com
E00508,Jeffrey,King,Cabin Crew,11,12/11/2013,jeffrey.king@delta.com
E00509,Robert,Smith,Ground Staff,9,8/5/2019,robert.smith@lufthansa.com
E00510,Joseph,Holt,Operations,6,11/13/2022,jholt@united.com
E00511,Mary,Moon,Pilot,14,3/27/2024,mmoon@fireflyz.com.my
E00512,Brenda,Martin,Co-Pilot,12,3/30/2013,brenda.martin@aa.com
E00513,Timothy,Tran,Cabin Crew,15,2/4/2013,ttran@lufthansa.com
E00514,Taylor,Gamble,Ground Staff,11,8/9/2013,tgamble@united.com
E00515,Leslie,Velasquez,Operations,3,1/7/2014,lvelasquez@peach-aviation.com
E00516,Andrew,Bennett,Pilot,6,3/21/2013,abennett@united.com
E00517,Cheryl,Rose,Co-Pilot,15,2/11/2025,cheryl.rose@lufthansa.com
E00518,Patrick,Raymond,Cabin Crew,12,7/18/2024,praymond@alaskaair.com
E00519,Carol,Lam,Ground Staff,7,12/9/2018,carol.lam@airasia.com
E00520,Jonathan,Wright,Operations,1,12/17/2014,jwright@thaiairways.com
E00521,Crystal,Lee,Pilot,5,5/31/2022,clee@singaporeair.com
E00522,Cassandra,Powell,Co-Pilot,13,2/13/2014,cpowell@flyasiana.com
E00523,Cheryl,Cook,Cabin Crew,5,1/1/2020,ccook@singaporeair.com
E00524,Willie,Medina,Ground Staff,14,3/19/2019,wmedina@airasia.com
E00525,Gary,Schroeder,Operations,7,3/8/2021,gschroeder@aa.com
E00526,Jodi,Elliott,Pilot,6,10/3/2011,jelliott@united.com
E00527,Zachary,Thomas,Co-Pilot,3,2/12/2011,zthomas@peach-aviation.com
E00528,Lisa,Weeks,Cabin Crew,6,2/3/2020,lisa.weeks@aa.com
E00529,Karen,Hill,Ground Staff,12,5/6/2013,karen.hill@aa.com
E00530,Valerie,Vaughan,Operations,3,9/1/2010,vvaughan@ana.co.jp
E00531,Stephen,Gonzales,Pilot,15,3/16/2014,stephen.gonzales@lufthansa.com
E00532,Ryan,Harris,Co-Pilot,13,7/9/2024,ryan.harris@koreanair.com
E00533,Maria,Flores,Cabin Crew,15,6/27/2019,mflores@aa.com
E00534,Miranda,Jackson,Ground Staff,2,8/11/2018,miranda.jackson@thaiairways.com
E00535,Sandra,Cantu,Operations,6,9/28/2018,scantu@aa.com
E00536,George,Payne,Pilot,2,12/14/2014,gpayne@airasia.com
E00537,Gregory,David,Co-Pilot,2,8/29/2023,gdavid@airasia.com
E00538,Robert,Maxwell,Cabin Crew,3,11/27/2022,robert.maxwell@jal.com
E00539,Lisa,Gaines,Ground Staff,5,7/4/2022,lgaines@scoot.com
E00540,Michael,Cohen,Operations,10,3/26/2011,mcohen@lufthansa.com
E00541,Michael,Mann,Pilot,5,12/9/2022,mmann@scoot.com
E00542,Lori,Le,Co-Pilot,14,12/15/2021,lle@airasia.com
E00543,Kelly,Mercado,Cabin Crew,13,5/5/2017,kmercado@jejuair.net
E00544,David,Barnes,Ground Staff,6,4/16/2019,david.barnes@jetblue.com
E00545,Laura,Davila,Operations,4,5/11/2011,ldavila@ana.co.jp
E00546,William,Freeman,Pilot,1,4/21/2022,wfreeman@airasia.com
E00547,Kevin,Tate,Co-Pilot,15,12/28/2014,kevin.tate@aa.com
E00548,Jeffrey,King,Cabin Crew,11,12/11/2013,jeffrey.king@delta.com
E00549,Robert,Smith,Ground Staff,9,8/5/2019,robert.smith@lufthansa.com
E00550,Joseph,Holt,Operations,6,11/13/2022,jholt@united.com
E00551,Mary,Moon,Pilot,14,3/27/2024,mmoon@fireflyz.com.my
E00552,Brenda,Martin,Co-Pilot,12,3/30/2013,brenda.martin@aa.com
E00553,Timothy,Tran,Cabin Crew,15,2/4/2013,ttran@lufthansa.com
E00554,Taylor,Gamble,Ground Staff,11,8/9/2013,tgamble@united.com
E00555,Leslie,Velasquez,Operations,3,1/7/2014,lvelasquez@peach-aviation.com
E00556,Andrew,Bennett,Pilot,6,3/21/2013,abennett@united.com
E00557,Cheryl,Rose,Co-Pilot,15,2/11/2025,cheryl.rose@lufthansa.com
E00558,Patrick,Raymond,Cabin Crew,12,7/18/2024,praymond@alaskaair.com
E00559,Carol,Lam,Ground Staff,7,12/9/2018,carol.lam@airasia.com
E00560,Jonathan,Wright,Operations,1,12/17/2014,jwright@thaiairways.com
E00561,Crystal,Lee,Pilot,5,5/31/2022,clee@singaporeair.com
E00562,Cassandra,Powell,Co-Pilot,13,2/13/2014,cpowell@flyasiana.com
E00563,Cheryl,Cook,Cabin Crew,5,1/1/2020,ccook@singaporeair.com
E00564,Willie,Medina,Ground Staff,14,3/19/2019,wmedina@airasia.com
E00565,Gary,Schroeder,Operations,7,3/8/2021,gschroeder@aa.com
E00566,Jodi,Elliott,Pilot,6,10/3/2011,jelliott@united.com
E00567,Zachary,Thomas,Co-Pilot,3,2/12/2011,zthomas@peach-aviation.com
E00568,Lisa,Weeks,Cabin Crew,6,2/3/2020,lisa.weeks@aa.com
E00569,Karen,Hill,Ground Staff,12,5/6/2013,karen.hill@aa.com
E00570,Valerie,Vaughan,Operations,3,9/1/2010,vvaughan@ana.co.jp
E00571,Stephen,Gonzales,Pilot,15,3/16/2014,stephen.gonzales@lufthansa.com
E00572,Ryan,Harris,Co-Pilot,13,7/9/2024,ryan.harris@koreanair.com
E00573,Maria,Flores,Cabin Crew,15,6/27/2019,mflores@aa.com
E00574,Miranda,Jackson,Ground Staff,2,8/11/2018,miranda.jackson@thaiairways.com
E00575,Sandra,Cantu,Operations,6,9/28/2018,scantu@aa.com
E00576,George,Payne,Pilot,2,12/14/2014,gpayne@airasia.com
E00577,Gregory,David,Co-Pilot,2,8/29/2023,gdavid@airasia.com
E00578,Robert,Maxwell,Cabin Crew,3,11/27/2022,robert.maxwell@jal.com
E00579,Lisa,Gaines,Ground Staff,5,7/4/2022,lgaines@scoot.com
E00580,Michael,Cohen,Operations,10,3/26/2011,mcohen@lufthansa.com
E00581,Michael,Mann,Pilot,5,12/9/2022,mmann@scoot.com
E00582,Lori,Le,Co-Pilot,14,12/15/2021,lle@airasia.com
E00583,Kelly,Mercado,Cabin Crew,13,5/5/2017,kmercado@jejuair.net
E00584,David,Barnes,Ground Staff,6,4/16/2019,david.barnes@jetblue.com
E00585,Laura,Davila,Operations,4,5/11/2011,ldavila@ana.co.jp
E00586,William,Freeman,Pilot,1,4/21/2022,wfreeman@airasia.com
E00587,Kevin,Tate,Co-Pilot,15,12/28/2014,kevin.tate@aa.com
E00588,Jeffrey,King,Cabin Crew,11,12/11/2013,jeffrey.king@delta.com
E00589,Robert,Smith,Ground Staff,9,8/5/2019,robert.smith@lufthansa.com
E00590,Joseph,Holt,Operations,6,11/13/2022,jholt@united.com
E00591,Mary,Moon,Pilot,14,3/27/2024,mmoon@fireflyz.com.my
E00592,Brenda,Martin,Co-Pilot,12,3/30/2013,brenda.martin@aa.com
E00593,Timothy,Tran,Cabin Crew,15,2/4/2013,ttran@lufthansa.com
E00594,Taylor,Gamble,Ground Staff,11,8/9/2013,tgamble@united.com
E00595,Leslie,Velasquez,Operations,3,1/7/2014,lvelasquez@peach-aviation.com
E00596,Andrew,Bennett,Pilot,6,3/21/2013,abennett@united.com
E00597,Cheryl,Rose,Co-Pilot,15,2/11/2025,cheryl.rose@lufthansa.com
E00598,Patrick,Raymond,Cabin Crew,12,7/18/2024,praymond@alaskaair.com
E00599,Carol,Lam,Ground Staff,7,12/9/2018,carol.lam@airasia.com
E00600,Jonathan,Wright,Operations,1,12/17/2014,jwright@thaiairways.com
E00601,Crystal,Lee,Pilot,5,5/31/2022,clee@singaporeair.com
E00602,Cassandra,Powell,Co-Pilot,13,2/13/2014,cpowell@flyasiana.com
E00603,Cheryl,Cook,Cabin Crew,5,1/1/2020,ccook@singaporeair.com
E00604,Willie,Medina,Ground Staff,14,3/19/2019,wmedina@airasia.com
E00605,Gary,Schroeder,Operations,7,3/8/2021,gschroeder@aa.com
E00606,Jodi,Elliott,Pilot,6,10/3/2011,jelliott@united.com
E00607,Zachary,Thomas,Co-Pilot,3,2/12/2011,zthomas@peach-aviation.com
E00608,Lisa,Weeks,Cabin Crew,6,2/3/2020,lisa.weeks@aa.com
E00609,Karen,Hill,Ground Staff,12,5/6/2013,karen.hill@aa.com
E00610,Valerie,Vaughan,Operations,3,9/1/2010,vvaughan@ana.co.jp
E00611,Stephen,Gonzales,Pilot,15,3/16/2014,stephen.gonzales@lufthansa.com
E00612,Ryan,Harris,Co-Pilot,13,7/9/2024,ryan.harris@koreanair.com
E00613,Maria,Flores,Cabin Crew,15,6/27/2019,mflores@aa.com
E00614,Miranda,Jackson,Ground Staff,2,8/11/2018,miranda.jackson@thaiairways.com
E00615,Sandra,Cantu,Operations,6,9/28/2018,scantu@aa.com
E00616,George,Payne,Pilot,2,12/14/2014,gpayne@airasia.com
E00617,Gregory,David,Co-Pilot,2,8/29/2023,gdavid@airasia.com
E00618,Robert,Maxwell,Cabin Crew,3,11/27/2022,robert.maxwell@jal.com
E00619,Lisa,Gaines,Ground Staff,5,7/4/2022,lgaines@scoot.com
E00620,Michael,Cohen,Operations,10,3/26/2011,mcohen@lufthansa.com
E00621,Michael,Mann,Pilot,5,12/9/2022,mmann@scoot.com
E00622,Lori,Le,Co-Pilot,14,12/15/2021,lle@airasia.com
E00623,Kelly,Mercado,Cabin Crew,13,5/5/2017,kmercado@jejuair.net
E00624,David,Barnes,Ground Staff,6,4/16/2019,david.barnes@jetblue.com
E00625,Laura,Davila,Operations,4,5/11/2011,ldavila@ana.co.jp
E00626,William,Freeman,Pilot,1,4/21/2022,wfreeman@airasia.com
E00627,Kevin,Tate,Co-Pilot,15,12/28/2014,kevin.tate@aa.com
E00628,Jeffrey,King,Cabin Crew,11,12/11/2013,jeffrey.king@delta.com
E00629,Robert,Smith,Ground Staff,9,8/5/2019,robert.smith@lufthansa.com
E00630,Joseph,Holt,Operations,6,11/13/2022,jholt@united.com
E00631,Mary,Moon,Pilot,14,3/27/2024,mmoon@fireflyz.com.my
E00632,Brenda,Martin,Co-Pilot,12,3/30/2013,brenda.martin@aa.com
E00633,Timothy,Tran,Cabin Crew,15,2/4/2013,ttran@lufthansa.com
E00634,Taylor,Gamble,Ground Staff,11,8/9/2013,tgamble@united.com
E00635,Leslie,Velasquez,Operations,3,1/7/2014,lvelasquez@peach-aviation.com
E00636,Andrew,Bennett,Pilot,6,3/21/2013,abennett@united.com
E00637,Cheryl,Rose,Co-Pilot,15,2/11/2025,cheryl.rose@lufthansa.com
E00638,Patrick,Raymond,Cabin Crew,12,7/18/2024,praymond@alaskaair.com
E00639,Carol,Lam,Ground Staff,7,12/9/2018,carol.lam@airasia.com
E00640,Jonathan,Wright,Operations,1,12/17/2014,jwright@thaiairways.com
E00641,Crystal,Lee,Pilot,5,5/31/2022,clee@singaporeair.com
E00642,Cassandra,Powell,Co-Pilot,13,2/13/2014,cpowell@flyasiana.com
E00643,Cheryl,Cook,Cabin Crew,5,1/1/2020,ccook@singaporeair.com
E00644,Willie,Medina,Ground Staff,14,3/19/2019,wmedina@airasia.com
E00645,Gary,Schroeder,Operations,7,3/8/2021,gschroeder@aa.com
E00646,Jodi,Elliott,Pilot,6,10/3/2011,jelliott@united.com
E00647,Zachary,Thomas,Co-Pilot,3,2/12/2011,zthomas@peach-aviation.com
E00648,Lisa,Weeks,Cabin Crew,6,2/3/2020,lisa.weeks@aa.com
E00649,Karen,Hill,Ground Staff,12,5/6/2013,karen.hill@aa.com
E00650,Valerie,Vaughan,Operations,3,9/1/2010,vvaughan@ana.co.jp
E00651,Stephen,Gonzales,Pilot,15,3/16/2014,stephen.gonzales@lufthansa.com
E00652,Ryan,Harris,Co-Pilot,13,7/9/2024,ryan.harris@koreanair.com
E00653,Maria,Flores,Cabin Crew,15,6/27/2019,mflores@aa.com
E00654,Miranda,Jackson,Ground Staff,2,8/11/2018,miranda.jackson@thaiairways.com
E00655,Sandra,Cantu,Operations,6,9/28/2018,scantu@aa.com
E00656,George,Payne,Pilot,2,12/14/2014,gpayne@airasia.com
E00657,Gregory,David,Co-Pilot,2,8/29/2023,gdavid@airasia.com
E00658,Robert,Maxwell,Cabin Crew,3,11/27/2022,robert.maxwell@jal.com
E00659,Lisa,Gaines,Ground Staff,5,7/4/2022,lgaines@scoot.com
E00660,Michael,Cohen,Operations,10,3/26/2011,mcohen@lufthansa.com
E00661,Michael,Mann,Pilot,5,12/9/2022,mmann@scoot.com
E00662,Lori,Le,Co-Pilot,14,12/15/2021,lle@airasia.com
E00663,Kelly,Mercado,Cabin Crew,13,5/5/2017,kmercado@jejuair.net
E00664,David,Barnes,Ground Staff,6,4/16/2019,david.barnes@jetblue.com
E00665,Laura,Davila,Operations,4,5/11/2011,ldavila@ana.co.jp
E00666,William,Freeman,Pilot,1,4/21/2022,wfreeman@airasia.com
E00667,Kevin,Tate,Co-Pilot,15,12/28/2014,kevin.tate@aa.com
E00668,Jeffrey,King,Cabin Crew,11,12/11/2013,jeffrey.king@delta.com
E00669,Robert,Smith,Ground Staff,9,8/5/2019,robert.smith@lufthansa.com
E00670,Joseph,Holt,Operations,6,11/13/2022,jholt@united.com
E00671,Mary,Moon,Pilot,14,3/27/2024,mmoon@fireflyz.com.my
E00672,Brenda,Martin,Co-Pilot,12,3/30/2013,brenda.martin@aa.com
E00673,Timothy,Tran,Cabin Crew,15,2/4/2013,ttran@lufthansa.com
E00674,Taylor,Gamble,Ground Staff,11,8/9/2013,tgamble@united.com
E00675,Leslie,Velasquez,Operations,3,1/7/2014,lvelasquez@peach-aviation.com
E00676,Andrew,Bennett,Pilot,6,3/21/2013,abennett@united.com
E00677,Cheryl,Rose,Co-Pilot,15,2/11/2025,cheryl.rose@lufthansa.com
E00678,Patrick,Raymond,Cabin Crew,12,7/18/2024,praymond@alaskaair.com
E00679,Carol,Lam,Ground Staff,7,12/9/2018,carol.lam@airasia.com
E00680,Jonathan,Wright,Operations,1,12/17/2014,jwright@thaiairways.com
E00681,Crystal,Lee,Pilot,5,5/31/2022,clee@singaporeair.com
E00682,Cassandra,Powell,Co-Pilot,13,2/13/2014,cpowell@flyasiana.com
E00683,Cheryl,Cook,Cabin Crew,5,1/1/2020,ccook@singaporeair.com
E00684,Willie,Medina,Ground Staff,14,3/19/2019,wmedina@airasia.com
E00685,Gary,Schroeder,Operations,7,3/8/2021,gschroeder@aa.com
E00686,Jodi,Elliott,Pilot,6,10/3/2011,jelliott@united.com
E00687,Zachary,Thomas,Co-Pilot,3,2/12/2011,zthomas@peach-aviation.com
E00688,Lisa,Weeks,Cabin Crew,6,2/3/2020,lisa.weeks@aa.com
E00689,Karen,Hill,Ground Staff,12,5/6/2013,karen.hill@aa.com
E00690,Valerie,Vaughan,Operations,3,9/1/2010,vvaughan@ana.co.jp
E00691,Stephen,Gonzales,Pilot,15,3/16/2014,stephen.gonzales@lufthansa.com
E00692,Ryan,Harris,Co-Pilot,13,7/9/2024,ryan.harris@koreanair.com
E00693,Maria,Flores,Cabin Crew,15,6/27/2019,mflores@aa.com
E00694,Miranda,Jackson,Ground Staff,2,8/11/2018,miranda.jackson@thaiairways.com
E00695,Sandra,Cantu,Operations,6,9/28/2018,scantu@aa.com
E00696,George,Payne,Pilot,2,12/14/2014,gpayne@airasia.com
E00697,Gregory,David,Co-Pilot,2,8/29/2023,gdavid@airasia.com
E00698,Robert,Maxwell,Cabin Crew,3,11/27/2022,robert.maxwell@jal.com
E00699,Lisa,Gaines,Ground Staff,5,7/4/2022,lgaines@scoot.com
E00700,Michael,Cohen,Operations,10,3/26/2011,mcohen@lufthansa.com
E00701,Michael,Mann,Pilot,5,12/9/2022,mmann@scoot.com
E00702,Lori,Le,Co-Pilot,14,12/15/2021,lle@airasia.com
E00703,Kelly,Mercado,Cabin Crew,13,5/5/2017,kmercado@jejuair.net
E00704,David,Barnes,Ground Staff,6,4/16/2019,david.barnes@jetblue.com
E00705,Laura,Davila,Operations,4,5/11/2011,ldavila@ana.co.jp
E00706,William,Freeman,Pilot,1,4/21/2022,wfreeman@airasia.com
E00707,Kevin,Tate,Co-Pilot,15,12/28/2014,kevin.tate@aa.com
E00708,Jeffrey,King,Cabin Crew,11,12/11/2013,jeffrey.king@delta.com
E00709,Robert,Smith,Ground Staff,9,8/5/2019,robert.smith@lufthansa.com
E00710,Joseph,Holt,Operations,6,11/13/2022,jholt@united.com
E00711,Mary,Moon,Pilot,14,3/27/2024,mmoon@fireflyz.com.my
E00712,Brenda,Martin,Co-Pilot,12,3/30/2013,brenda.martin@aa.com
E00713,Timothy,Tran,Cabin Crew,15,2/4/2013,ttran@lufthansa.com
E00714,Taylor,Gamble,Ground Staff,11,8/9/2013,tgamble@united.com
E00715,Leslie,Velasquez,Operations,3,1/7/2014,lvelasquez@peach-aviation.com
E00716,Andrew,Bennett,Pilot,6,3/21/2013,abennett@united.com
E00717,Cheryl,Rose,Co-Pilot,15,2/11/2025,cheryl.rose@lufthansa.com
E00718,Patrick,Raymond,Cabin Crew,12,7/18/2024,praymond@alaskaair.com
E00719,Carol,Lam,Ground Staff,7,12/9/2018,carol.lam@airasia.com
E00720,Jonathan,Wright,Operations,1,12/17/2014,jwright@thaiairways.com
E00721,Crystal,Lee,Pilot,5,5/31/2022,clee@singaporeair.com
E00722,Cassandra,Powell,Co-Pilot,13,2/13/2014,cpowell@flyasiana.com
E00723,Cheryl,Cook,Cabin Crew,5,1/1/2020,ccook@singaporeair.com
E00724,Willie,Medina,Ground Staff,14,3/19/2019,wmedina@airasia.com
E00725,Gary,Schroeder,Operations,7,3/8/2021,gschroeder@aa.com
E00726,Jodi,Elliott,Pilot,6,10/3/2011,jelliott@united.com
E00727,Zachary,Thomas,Co-Pilot,3,2/12/2011,zthomas@peach-aviation.com
E00728,Lisa,Weeks,Cabin Crew,6,2/3/2020,lisa.weeks@aa.com
E00729,Karen,Hill,Ground Staff,12,5/6/2013,karen.hill@aa.com
E00730,Valerie,Vaughan,Operations,3,9/1/2010,vvaughan@ana.co.jp
E00731,Stephen,Gonzales,Pilot,15,3/16/2014,stephen.gonzales@lufthansa.com
E00732,Ryan,Harris,Co-Pilot,13,7/9/2024,ryan.harris@koreanair.com
E00733,Maria,Flores,Cabin Crew,15,6/27/2019,mflores@aa.com
E00734,Miranda,Jackson,Ground Staff,2,8/11/2018,miranda.jackson@thaiairways.com
E00735,Sandra,Cantu,Operations,6,9/28/2018,scantu@aa.com
E00736,George,Payne,Pilot,2,12/14/2014,gpayne@airasia.com
E00737,Gregory,David,Co-Pilot,2,8/29/2023,gdavid@airasia.com
E00738,Robert,Maxwell,Cabin Crew,3,11/27/2022,robert.maxwell@jal.com
E00739,Lisa,Gaines,Ground Staff,5,7/4/2022,lgaines@scoot.com
E00740,Michael,Cohen,Operations,10,3/26/2011,mcohen@lufthansa.com
E00741,Michael,Mann,Pilot,5,12/9/2022,mmann@scoot.com
E00742,Lori,Le,Co-Pilot,14,12/15/2021,lle@airasia.com
E00743,Kelly,Mercado,Cabin Crew,13,5/5/2017,kmercado@jejuair.net
E00744,David,Barnes,Ground Staff,6,4/16/2019,david.barnes@jetblue.com
E00745,Laura,Davila,Operations,4,5/11/2011,ldavila@ana.co.jp
E00746,William,Freeman,Pilot,1,4/21/2022,wfreeman@airasia.com
E00747,Kevin,Tate,Co-Pilot,15,12/28/2014,kevin.tate@aa.com
E00748,Jeffrey,King,Cabin Crew,11,12/11/2013,jeffrey.king@delta.com
E00749,Robert,Smith,Ground Staff,9,8/5/2019,robert.smith@lufthansa.com
E00750,Joseph,Holt,Operations,6,11/13/2022,jholt@united.com
E00751,Mary,Moon,Pilot,14,3/27/2024,mmoon@fireflyz.com.my
E00752,Brenda,Martin,Co-Pilot,12,3/30/2013,brenda.martin@aa.com
E00753,Timothy,Tran,Cabin Crew,15,2/4/2013,ttran@lufthansa.com
E00754,Taylor,Gamble,Ground Staff,11,8/9/2013,tgamble@united.com
E00755,Leslie,Velasquez,Operations,3,1/7/2014,lvelasquez@peach-aviation.com
E00756,Andrew,Bennett,Pilot,6,3/21/2013,abennett@united.com
E00757,Cheryl,Rose,Co-Pilot,15,2/11/2025,cheryl.rose@lufthansa.com
E00758,Patrick,Raymond,Cabin Crew,12,7/18/2024,praymond@alaskaair.com
E00759,Carol,Lam,Ground Staff,7,12/9/2018,carol.lam@airasia.com
E00760,Jonathan,Wright,Operations,1,12/17/2014,jwright@thaiairways.com
E00761,Crystal,Lee,Pilot,5,5/31/2022,clee@singaporeair.com
E00762,Cassandra,Powell,Co-Pilot,13,2/13/2014,cpowell@flyasiana.com
E00763,Cheryl,Cook,Cabin Crew,5,1/1/2020,ccook@singaporeair.com
E00764,Willie,Medina,Ground Staff,14,3/19/2019,wmedina@airasia.com
E00765,Gary,Schroeder,Operations,7,3/8/2021,gschroeder@aa.com
E00766,Jodi,Elliott,Pilot,6,10/3/2011,jelliott@united.com
E00767,Zachary,Thomas,Co-Pilot,3,2/12/2011,zthomas@peach-aviation.com
E00768,Lisa,Weeks,Cabin Crew,6,2/3/2020,lisa.weeks@aa.com
E00769,Karen,Hill,Ground Staff,12,5/6/2013,karen.hill@aa.com
E00770,Valerie,Vaughan,Operations,3,9/1/2010,vvaughan@ana.co.jp
E00771,Stephen,Gonzales,Pilot,15,3/16/2014,stephen.gonzales@lufthansa.com
E00772,Ryan,Harris,Co-Pilot,13,7/9/2024,ryan.harris@koreanair.com
E00773,Maria,Flores,Cabin Crew,15,6/27/2019,mflores@aa.com
E00774,Miranda,Jackson,Ground Staff,2,8/11/2018,miranda.jackson@thaiairways.com
E00775,Sandra,Cantu,Operations,6,9/28/2018,scantu@aa.com
E00776,George,Payne,Pilot,2,12/14/2014,gpayne@airasia.com
E00777,Gregory,David,Co-Pilot,2,8/29/2023,gdavid@airasia.com
E00778,Robert,Maxwell,Cabin Crew,3,11/27/2022,robert.maxwell@jal.com
E00779,Lisa,Gaines,Ground Staff,5,7/4/2022,lgaines@scoot.com
E00780,Michael,Cohen,Operations,10,3/26/2011,mcohen@lufthansa.com
E00781,Michael,Mann,Pilot,5,12/9/2022,mmann@scoot.com
E00782,Lori,Le,Co-Pilot,14,12/15/2021,lle@airasia.com
E00783,Kelly,Mercado,Cabin Crew,13,5/5/2017,kmercado@jejuair.net
E00784,David,Barnes,Ground Staff,6,4/16/2019,david.barnes@jetblue.com
E00785,Laura,Davila,Operations,4,5/11/2011,ldavila@ana.co.jp
E00786,William,Freeman,Pilot,1,4/21/2022,wfreeman@airasia.com
E00787,Kevin,Tate,Co-Pilot,15,12/28/2014,kevin.tate@aa.com
E00788,Jeffrey,King,Cabin Crew,11,12/11/2013,jeffrey.king@delta.com
E00789,Robert,Smith,Ground Staff,9,8/5/2019,robert.smith@lufthansa.com
E00790,Joseph,Holt,Operations,6,11/13/2022,jholt@united.com
E00791,Mary,Moon,Pilot,14,3/27/2024,mmoon@fireflyz.com.my
E00792,Brenda,Martin,Co-Pilot,12,3/30/2013,brenda.martin@aa.com
E00793,Timothy,Tran,Cabin Crew,15,2/4/2013,ttran@lufthansa.com
E00794,Taylor,Gamble,Ground Staff,11,8/9/2013,tgamble@united.com
E00795,Leslie,Velasquez,Operations,3,1/7/2014,lvelasquez@peach-aviation.com
E00796,Andrew,Bennett,Pilot,6,3/21/2013,abennett@united.com
E00797,Cheryl,Rose,Co-Pilot,15,2/11/2025,cheryl.rose@lufthansa.com
E00798,Patrick,Raymond,Cabin Crew,12,7/18/2024,praymond@alaskaair.com
E00799,Carol,Lam,Ground Staff,7,12/9/2018,carol.lam@airasia.com
E00800,Jonathan,Wright,Operations,1,12/17/2014,jwright@thaiairways.com
